{
    "input_size": 1000000,
    "target": 383386,
    "target_result_index": 384162,
    "quicksort_time_s": 3.345424,
    "binary_search_time_s": 1.1e-05,
    "avg_time_s": 1.672718
}