algorithm,time_s,iterations
Quicksort,6.82671170399999,25578660
Busca Binaria,2.023100000769773e-05,19
