algorithm,time_s,iterations
Quicksort,3.3454239060001782,24145169
Busca Binaria,1.1283000276307575e-05,19
